id_paciente,nome,cpf,data_nascimento,biometria
1,"Ana Souza",22813945182,2015-05-12,...
2,"Bruno Oliveira",93526748006,2017-08-23,...
3,"Carlos Pereira",30659423739,2012-11-30,...
4,"Daniela Lima",15362784900,2016-03-14,...
5,"Eduardo Santos",96283104517,2014-07-21,...
6,"Luiza Amaral",23498104750,2018-03-19,...
7,"Miguel Tavares",84571039216,2020-07-25,...
8,"Nina Cardoso",49386217048,2014-10-01,...
9,"Otávio Luz",91620348759,2013-12-11,...
10,"Pietra Moraes",36284917056,2019-01-30,...
11,"Rebeca Soares",49218573061,2015-11-12,...
12,"Samuel Andrade",80312759406,2018-04-09,...
13,"Tainá Ribeiro",62194837510,2021-06-27,...
14,"Ulisses Moraes",70219648351,2013-02-05,...
15,"Vitória Alves",15498236074,2020-09-14,...
16,"João Neves",12345678901,2014-01-01,...
17,"Sofia Costa",98765432109,2016-11-20,...
18,"Pedro Henrique",11223344556,2013-08-05,...
19,"Laura Almeida",66778899001,2017-02-18,...
20,"Felipe Gomes",23456789012,2015-09-03,...
21,"Giovanna Carvalho",87654321098,2019-04-25,...
22,"Matheus Santos",10987654321,2012-12-01,...
23,"Larissa Mendes",45678901234,2016-06-08,...
24,"Gustavo Rocha",78901234567,2018-10-10,...
25,"Beatriz Dias",32109876543,2014-03-29,...
26,"Leonardo Lima",90123456789,2020-01-07,...
27,"Manuela Costa",54321098765,2017-07-16,...
28,"Arthur Oliveira",67890123456,2015-01-24,...
29,"Isabela Alves",21098765432,2019-11-05,...
30,"Thiago Fernandes",89012345678,2013-04-13,...
31,"Camila Souza",43210987654,2016-09-02,...
32,"Murilo Pereira",01234567890,2018-02-28,...
33,"Helena Lima",76543210987,2014-06-19,...
34,"Enzo Santos",34567890123,2020-04-01,...
35,"Júlia Ribeiro",98765432109,2017-09-11,...
36,"Lorenzo Andrade",11223344556,2015-02-06,...
37,"Maria Clara",66778899001,2019-07-20,...
38,"Benício Rocha",23456789012,2013-10-15,...
39,"Valentina Dias",87654321098,2016-05-09,...
40,"Gael Farias",10987654321,2018-11-22,...
41,"Clara Luz",45678901234,2014-08-07,...
42,"Davi Nogueira",78901234567,2020-03-03,...
43,"Cecília Duarte",32109876543,2017-01-26,...
44,"Cauã Brito",90123456789,2015-06-16,...
45,"Sophia Campos",54321098765,2019-09-08,...
46,"Antônio Lima",67890123456,2013-11-04,...
47,"Lívia Martins",21098765432,2016-04-11,...
48,"Pedro Rocha",89012345678,2018-07-01,...
49,"Laura Almeida",43210987654,2014-02-14,...
50,"Davi Fernandes",01234567890,2020-08-17,...
51,"Beatriz Gomes",76543210987,2017-03-21,...
52,"Enzo Mendes",34567890123,2015-09-05,...
53,"Alice Costa",98765432109,2019-05-13,...
54,"Gustavo Oliveira",11223344556,2013-06-28,...
55,"Mariana Santos",66778899001,2016-10-06,...
56,"João Vitor",23456789012,2018-01-15,...
57,"Isabela Souza",87654321098,2014-04-22,...
58,"Maria Eduarda",10987654321,2020-11-02,...
59,"Lucas Pereira",45678901234,2017-08-09,...
60,"Helena Silva",78901234567,2015-03-08,...
61,"Arthur Gomes",32109876543,2019-06-24,...
62,"Lorena Ribeiro",90123456789,2013-09-17,...
63,"Heitor Almeida",54321098765,2016-11-01,...
64,"Heloísa Fernandes",67890123456,2018-05-29,...
65,"Rafael Dias",21098765432,2014-01-09,...
66,"Lara Lima",89012345678,2020-07-10,...
67,"Bernardo Carvalho",43210987654,2017-02-03,...
68,"Emanuelly Costa",01234567890,2015-08-20,...
69,"Vicente Nogueira",76543210987,2019-04-04,...
70,"Eloá Santos",34567890123,2013-10-23,...
71,"Marina Rocha",98765432109,2016-03-01,...
72,"Cauã Lima",11223344556,2018-09-12,...
73,"Luísa Oliveira",66778899001,2014-07-07,...
74,"Enzo Gabriel",23456789012,2020-02-18,...
75,"Pietro Almeida",87654321098,2017-05-25,...
76,"Maria Clara",10987654321,2015-11-16,...
77,"João Lucas",45678901234,2019-08-01,...
78,"Maria Júlia",78901234567,2013-05-19,...
79,"Sophia Costa",32109876543,2016-09-26,...
80,"Davi Lucca",90123456789,2018-04-14,...
81,"Valentina Dias",54321098765,2014-12-05,...
82,"Miguel Ângelo",67890123456,2020-06-09,...
83,"Ana Luíza",21098765432,2017-01-02,...
84,"Arthur Gabriel",89012345678,2015-07-28,...
85,"Heitor Samuel",43210987654,2019-03-10,...
86,"Lívia Gabriele",01234567890,2013-08-27,...
87,"Isadora Sofia",76543210987,2016-10-13,...
88,"Leonardo Henrique",34567890123,2018-02-09,...
89,"Laura Beatriz",98765432109,2014-05-04,...
90,"Gabriel Lucas",11223344556,2020-01-21,...
91,"Maria Fernanda",66778899001,2017-04-01,...
92,"Benício Miguel",23456789012,2015-10-29,...
93,"Valentina Isabella",87654321098,2019-07-06,...
94,"Gael Nathan",10987654321,2013-11-23,...
95,"Clara Liz",45678901234,2016-01-18,...
96,"Davi Emanuel",78901234567,2018-08-04,...
97,"Cecília Eloá",32109876543,2014-03-02,...
98,"Cauã Filipe",90123456789,2020-05-15,...
99,"Sophia Vitória",54321098765,2017-06-22,...
100,"Antônio Augusto",67890123456,2015-12-10,...
101,"Lívia Maria",21098765432,2019-09-29,...
102,"Pedro Gabriel",89012345678,2013-07-03,...
103,"Laura Helena",43210987654,2016-02-20,...
104,"Davi Henrique",01234567890,2018-10-26,...
105,"Beatriz Clara",76543210987,2014-09-15,...
106,"Enzo Rafael",34567890123,2020-04-08,...
107,"Alice Vitória",98765432109,2017-03-07,...
108,"Gustavo Miguel",11223344556,2015-04-03,...
109,"Mariana Sophia",66778899001,2019-01-10,...
110,"João Gabriel",23456789012,2013-05-23,...
111,"Isabela Luíza",87654321098,2016-08-12,...
112,"Maria Vitória",10987654321,2018-11-01,...
113,"Lucas Rafael",45678901234,2014-06-25,...
114,"Helena Laura",78901234567,2020-09-19,...
115,"Arthur Daniel",32109876543,2017-02-08,...
116,"Lorena Isabela",90123456789,2015-05-17,...
117,"Heitor José",54321098765,2019-02-23,...
118,"Heloísa Sofia",67890123456,2013-12-09,...
119,"Rafael Eduardo",21098765432,2016-07-02,...
120,"Lara Vitória",89012345678,2018-06-11,...
121,"Bernardo Antônio",43210987654,2014-10-20,...
122,"Emanuelly Maria",01234567890,2020-03-28,...
123,"Vicente Gabriel",76543210987,2017-09-01,...
124,"Eloá Lívia",34567890123,2015-01-05,...
125,"Marina Sophia",98765432109,2019-04-18,...
126,"Cauã Eduardo",11223344556,2013-07-14,...
127,"Luísa Carolina",66778899001,2016-11-08,...
128,"Enzo Augusto",23456789012,2018-03-06,...
129,"Pietro Antônio",87654321098,2014-08-26,...
130,"Maria Isabela",10987654321,2020-01-30,...
131,"João Miguel",45678901234,2017-05-10,...
132,"Maria Luíza",78901234567,2015-02-02,...
133,"Sophia Gabriela",32109876543,2019-06-03,...
134,"Davi Benício",90123456789,2013-09-06,...
135,"Valentina Mariana",54321098765,2016-10-24,...
136,"Miguel Lucca",67890123456,2018-01-20,...
137,"Ana Carolina",21098765432,2014-04-05,...
138,"Arthur Daniel",89012345678,2020-11-13,...
139,"Heitor Rafael",43210987654,2017-08-18,...
140,"Lívia Isadora",01234567890,2015-03-17,...
141,"Fernanda Almeida",21794638081,2010-12-09,...
142,"Gabriel Martins",38974526039,2008-06-25,...
143,"Helena Castro",64581093761,2009-09-17,...
144,"Igor Mendes",81034952708,2007-04-08,...
145,"Juliana Costa",43768291084,2009-01-19,...
146,"Raquel Mendes",74019832561,2007-09-04,...
147,"Samuel Prado",15498362070,2008-03-15,...
148,"Talita Gomes",83620479102,2011-05-20,...
149,"Ubirajara Costa",67230948190,2010-08-03,...
150,"Valéria Assis",49018365271,2009-02-14,...
151,"William Freitas",83927418530,2011-08-16,...
152,"Ximena Duarte",38402917561,2009-07-22,...
153,"Yuri Monteiro",95203847164,2007-12-01,...
154,"Zara Nascimento",67518420390,2008-10-09,...
155,"Adriano Cunha",28490371659,2010-03-29,...
156,"Tatiane Pereira",33399681283,2011-12-12,...
157,"Juliana Lima",99667260550,2010-12-18,...
158,"Larissa Santana",56392798188,2007-05-04,...
159,"Juliana Mendes",37482383408,2007-06-06,...
160,"Aline Mendes",32509948076,2007-04-09,...
161,"Juliana Rocha",07778773333,2007-01-19,...
162,"Carla Nogueira",70984798584,2007-03-14,...
163,"Gustavo Ramos",07918036994,2007-10-18,...
164,"João Carlos",12345678900,2008-01-20,...
165,"Vitória Gomes",98765432111,2010-03-10,...
166,"Felipe Costa",11223344555,2007-07-07,...
167,"Camila Almeida",66778899000,2009-11-11,...
168,"Lucas Pereira",23456789011,2011-04-04,...
169,"Isabela Santos",87654321089,2008-09-09,...
170,"Pedro Lima",10987654320,2010-02-02,...
171,"Giovanna Ribeiro",45678901233,2007-06-06,...
172,"Rafael Dias",78901234566,2009-10-10,...
173,"Maria Eduarda",32109876542,2011-01-01,...
174,"Daniel Nogueira",90123456788,2008-05-05,...
175,"Laura Fernandes",54321098764,2010-08-08,...
176,"Gustavo Rocha",67890123455,2007-12-12,...
177,"Ana Paula",21098765431,2009-04-04,...
178,"André Silva",89012345677,2011-09-09,...
179,"Bruna Oliveira",43210987653,2008-02-02,...
180,"Carlos Souza",01234567889,2010-06-06,...
181,"Sofia Carvalho",76543210986,2007-10-10,...
182,"Diego Almeida",34567890122,2009-03-03,...
183,"Larissa Santos",98765432108,2011-07-07,...
184,"Eduardo Castro",11223344554,2008-11-11,...
185,"Mariana Lima",66778899009,2010-01-01,...
186,"Ricardo Ribeiro",23456789010,2007-05-05,...
187,"Alice Costa",87654321088,2009-08-08,...
188,"Marcelo Fernandes",10987654319,2011-02-02,...
189,"Beatriz Dias",45678901232,2008-07-07,...
190,"Fernando Gomes",78901234565,2010-09-09,...
191,"Carolina Rocha",32109876541,2007-11-11,...
192,"Thiago Mendes",90123456787,2009-01-01,...
193,"Gabriela Oliveira",54321098763,2011-06-06,...
194,"Luiz Henrique",67890123454,2008-04-04,...
195,"Patrícia Alves",21098765430,2010-08-08,...
196,"Victor Hugo",89012345676,2007-12-12,...
197,"Helena Silva",43210987652,2009-05-05,...
198,"João Miguel",01234567888,2011-10-10,...
199,"Eduarda Pires",76543210985,2008-03-03,...
200,"Lucas Gabriel",34567890121,2010-07-07,...
201,"Mariana Ferreira",98765432107,2007-11-11,...
202,"Mateus Costa",11223344553,2009-02-02,...
203,"Ana Luíza",66778899008,2011-08-08,...
204,"Enzo Gabriel",23456789009,2008-06-06,...
205,"Lívia Maria",87654321087,2010-10-10,...
206,"Bruno Mendes",10987654318,2007-01-01,...
207,"Sophia Castro",45678901231,2009-04-04,...
208,"Pedro Henrique",78901234564,2011-09-09,...
209,"Beatriz Dias",32109876540,2008-02-02,...
210,"Rafael Martins",90123456786,2010-06-06,...
211,"Juliana Souza",54321098762,2007-10-10,...
212,"Arthur Oliveira",67890123453,2009-03-03,...
213,"Isabela Alves",21098765429,2011-07-07,...
214,"Guilherme Rocha",89012345675,2008-11-11,...
215,"Manuela Lima",43210987651,2010-01-01,...
216,"Felipe Gomes",01234567887,2007-05-05,...
217,"Giovanna Mendes",76543210984,2009-08-08,...
218,"Leonardo Cruz",34567890120,2011-02-02,...
219,"Laura Costa",98765432106,2008-07-07,...
220,"Vitória Fernandes",11223344552,2010-09-09,...
221,"Enzo Lima",66778899007,2007-11-11,...
222,"Clara Luz",23456789008,2009-01-01,...
223,"Diego Martins",87654321086,2011-06-06,...
224,"Carolina Souza",10987654317,2008-04-04,...
225,"Thiago Silva",45678901230,2010-08-08,...
226,"Gabriela Ribeiro",78901234563,2007-12-12,...
227,"Luiz Felipe",32109876539,2009-05-05,...
228,"Patrícia Carvalho",90123456785,2011-10-10,...
229,"Victor Emanuel",54321098761,2008-03-03,...
230,"Helena Nogueira",67890123452,2010-07-07,...
231,"João Pedro",21098765428,2007-11-11,...
232,"Eduarda Alves",89012345674,2009-02-02,...
233,"Lucas Gabriel",43210987650,2011-08-08,...
234,"Mariana Lima",01234567886,2008-06-06,...
235,"Mateus Soares",76543210983,2010-10-10,...
236,"Ana Vitória",34567890119,2007-01-01,...
237,"Enzo Gabriel",98765432105,2009-04-04,...
238,"Lívia Beatriz",11223344551,2011-09-09,...
239,"Bruno Eduardo",66778899006,2008-02-02,...
240,"Sophia Gabriela",23456789007,2010-06-06,...
241,"Pedro Arthur",87654321085,2007-10-10,...
242,"Beatriz Helena",10987654316,2009-03-03,...
243,"Rafael Davi",45678901229,2011-07-07,...
244,"Juliana Sofia",78901234562,2008-11-11,...
245,"Arthur Daniel",32109876538,2010-01-01,...
246,"Isabela Lívia",90123456784,2007-05-05,...
247,"Guilherme Rafael",54321098760,2009-08-08,...
248,"Manuela Vitória",67890123451,2011-02-02,...
249,"Felipe Miguel",21098765427,2008-07-07,...
250,"Giovanna Laura",89012345673,2010-09-09,...
251,"Leonardo Emanuel",43210987649,2007-11-11,...
252,"Laura Manuela",01234567885,2009-01-01,...
253,"Vitória Beatriz",76543210982,2011-06-06,...
254,"Enzo Ricardo",34567890118,2008-04-04,...
255,"Clara Isadora",98765432104,2010-08-08,...
256,"Diego Guilherme",11223344550,2007-12-12,...
257,"Carolina Rafaela",66778899005,2009-05-05,...
258,"Thiago Luís",23456789006,2011-10-10,...
259,"Gabriela Valentina",87654321084,2008-03-03,...
260,"Luiz Fernando",10987654315,2010-07-07,...
261,"Patrícia Cristina",45678901228,2007-11-11,...
262,"Victor Emanuel",78901234561,2009-02-02,...
263,"Helena Carolina",32109876537,2011-08-08,...
264,"João Marcos",90123456783,2008-06-06,...
265,"Eduarda Manuela",54321098759,2010-10-10,...
266,"Lucas Leonardo",67890123450,2007-01-01,...
267,"Mariana Gabriela",21098765426,2009-04-04,...
268,"Mateus Henrique",89012345672,2011-09-09,...
269,"Ana Laura",43210987648,2008-02-02,...
270,"Enzo Rafael",01234567884,2010-06-06,...
271,"Lívia Sophia",76543210981,2007-10-10,...
272,"Bruno Guilherme",34567890117,2009-03-03,...
273,"Sophia Helena",98765432103,2011-07-07,...
274,"Pedro Lucas",11223344549,2008-11-11,...
275,"Beatriz Isabela",66778899004,2010-01-01,...
276,"Rafael Augusto",23456789005,2007-05-05,...
277,"Juliana Clara",87654321083,2009-08-08,...
278,"Arthur Leonardo",10987654314,2011-02-02,...
279,"Isabela Luana",45678901227,2008-07-07,...
280,"Karen Dias",21905847350,1999-02-28,...
281,"Lucas Fernandes",98637451239,1997-10-05,...
282,"Mariana Rocha",13428679054,1990-07-15,...
283,"Nicolas Ribeiro",30498217609,1996-12-03,...
284,"Olivia Teixeira",54872319605,1988-06-07,...
285,"Paulo Henrique",72351984067,1992-03-22,...
286,"Quésia Silva",80136245798,2001-11-11,...
287,"Rafael Nunes",26984130756,1995-08-14,...
288,"Sabrina Lopes",49238675120,1998-09-27,...
289,"Bárbara Lopes",70192834510,2000-01-25,...
290,"Caio Fernandes",40291835761,1992-12-13,...
291,"Dandara Silva",58932017642,1995-10-07,...
292,"Eduarda Matos",14720938475,1991-09-01,...
293,"Fernando Rocha",61472903854,1985-11-17,...
294,"Giovana Figueiredo",30847291536,1988-08-03,...
295,"Hugo Martins",94321058736,1997-05-26,...
296,"Isadora Ramos",51837496021,1993-04-19,...
297,"Júlio César",83194027516,2003-07-31,...
298,"Kelly Regina",23019587412,1999-02-22,...
299,"Wesley Fernandes",83461092735,1993-09-11,...
300,"Yasmin Cunha",47109283614,2002-06-05,...
301,"Zeca Lemos",18043729065,1989-11-27,...
302,"Aline Martins",93520817456,1990-01-10,...
303,"Bruno Silveira",20814793652,2001-08-02,...
304,"Carla Meireles",69482103569,1987-04-29,...
305,"Daniel Rocha",14509372864,1998-05-17,...
306,"Érica Vieira",72038491620,1994-03-06,...
307,"Fábio Teixeira",32648197045,1996-12-22,...
308,"Gustavo Lima",23987410596,1986-10-18,...
309,"Amanda Ribeiro",83946275108,1991-04-15,...
310,"Bruno Costa",76298415320,1989-11-02,...
311,"Camila Silva",10475893642,1995-06-10,...
312,"Diego Martins",47382916507,1987-09-30,...
313,"Elaine Teixeira",96832017456,1993-01-22,...
314,"Felipe Souza",39285746190,2000-12-08,...
315,"Gisele Farias",10729483569,1986-03-11,...
316,"Henrique Lopes",56823974012,1992-07-04,...
317,"Isabela Rocha",61473820593,1997-10-18,...
318,"João Pedro Almeida",84016592734,1985-05-27,...
319,"Karen Oliveira",21947386051,1990-08-16,...
320,"Leonardo Nunes",39784026518,1996-02-03,...
321,"Manuela Lima",75932086417,1994-11-09,...
322,"Nathan Vieira",82169037485,1988-06-21,...
323,"Olívia Duarte",67538491026,1999-01-14,...
324,"Pedro Henrique",98021374569,1991-03-05,...
325,"Queila Menezes",31092874562,1985-07-30,...
326,"Renan Batista",58017634920,1993-09-19,...
327,"Simone Araújo",92657381047,1998-12-25,...
328,"Tiago Ramos",49302817562,1987-10-01,...
329,"Carla Ramos",10541293125,1996-06-17,...
330,"Rodrigo Teixeira",67288510547,1991-10-01,...
331,"Mariana Rocha",96502984867,1985-03-22,...
332,"Aline Rezende",80112263041,1988-01-12,...
333,"Amanda Barbosa",37007448678,1985-09-03,...
334,"Lucas Rezende",45525613409,1985-10-22,...
335,"Gustavo Costa",08930460785,2001-02-27,...
336,"André Ferreira",21779479250,1985-05-26,...
337,"Bruno Teixeira",36225888829,1989-08-21,...
338,"Ricardo Nogueira",25583140452,1993-12-16,...
339,"Tatiane Lima",72326718938,1985-04-07,...
340,"Fernando Barbosa",29062855320,1985-10-02,...
341,"Lucas Souza",44040536330,1992-09-05,...
342,"Mariana Santana",88864216905,1985-07-12,...
343,"Carla Costa",18868283108,1985-12-25,...
344,"Amanda Ramos",34779068707,1985-06-03,...
345,"Patrícia Pereira",13484811294,1997-11-14,...
346,"Marcelo Rocha",26590013052,1986-02-02,...
347,"Beatriz Oliveira",37830380378,1985-01-23,...
348,"Fernando Ferreira",38458863695,1994-07-11,...
349,"Rodrigo Moreira",78591533280,1985-08-16,...
350,"André Souza",77349740138,1985-03-03,...
351,"Larissa Barbosa",57494849610,1985-11-28,...
352,"Lucas Carvalho",90424984588,1985-06-15,...
353,"Marcelo Ferreira",90515675439,1985-10-05,...
354,"Amanda Nogueira",42464515745,1990-07-07,...
355,"Eduardo Santana",65659354730,1985-09-11,...
356,"Juliana Costa",73602872300,1986-06-18,...
357,"Lucas Gomes",93523220329,2000-11-20,...
358,"Beatriz Ramos",40494621950,1999-12-08,...
359,"Patrícia Lima",22207800951,1987-03-01,...
360,"Bruno Rocha",06690404458,1985-04-30,...
361,"Mariana Ferreira",30502933479,1991-01-28,...
362,"Rodrigo Costa",29890143505,1985-05-25,...
363,"Tatiane Silva",97942413488,1985-08-08,...
364,"Eduardo Teixeira",10384270248,1995-09-30,...
365,"Juliana Santana",12326438526,1996-02-04,...
366,"André Gomes",92616006280,1985-12-27,...
367,"Fernando Moreira",84700204124,1985-03-06,...
368,"Larissa Rocha",17012175582,1990-05-17,...
369,"Marcelo Silva",12345678901,1985-01-01,...
370,"Fernanda Costa",98765432109,1990-11-20,...
371,"Ricardo Almeida",11223344556,1992-08-05,...
372,"Mônica Oliveira",66778899001,1994-02-18,...
373,"Vitor Hugo",23456789012,1987-09-03,...
374,"Sandra Martins",87654321098,1991-04-25,...
375,"Alexandre Santos",10987654321,1993-12-01,...
376,"Cristiane Mendes",45678901234,1989-06-08,...
377,"Renata Rocha",78901234567,1996-10-10,...
378,"Roberto Dias",32109876543,1988-03-29,...
379,"Carolina Lima",90123456789,2000-01-07,...
380,"Andréa Costa",54321098765,1997-07-16,...
381,"Thiago Oliveira",67890123456,1985-01-24,...
382,"Patrícia Alves",21098765432,1999-11-05,...
383,"Fábio Fernandes",89012345678,1991-04-13,...
384,"Vanessa Souza",43210987654,1993-09-02,...
385,"Bruno Pereira",01234567890,1987-02-28,...
386,"Cláudia Lima",76543210987,1994-06-19,...
387,"Douglas Santos",34567890123,2000-04-01,...
388,"Eliane Ribeiro",98765432109,1997-09-11,...
389,"Rogério Andrade",11223344556,1989-02-06,...
390,"Sílvia Maria",66778899001,1999-07-20,...
391,"Mauro Rocha",23456789012,1985-10-15,...
392,"Simone Dias",87654321098,1994-05-09,...
393,"Sérgio Farias",10987654321,1987-11-22,...
394,"Regina Luz",45678901234,1990-08-07,...
395,"Cesar Nogueira",78901234567,2000-03-03,...
396,"Márcia Duarte",32109876543,1997-01-26,...
397,"Antônio Brito",90123456789,1989-06-16,...
398,"Fernanda Campos",54321098765,1999-09-08,...
399,"Guilherme Lima",67890123456,1985-11-04,...
400,"Luciana Martins",21098765432,1994-04-11,...
401,"Marcelo Rocha",89012345678,1997-07-01,...
402,"Viviane Almeida",43210987654,1988-02-14,...
403,"Diego Fernandes",01234567890,2000-08-17,...
404,"Carolina Gomes",76543210987,1997-03-21,...
405,"Alexandre Mendes",34567890123,1989-09-05,...
406,"Cláudia Costa",98765432109,1999-05-13,...
407,"Gustavo Oliveira",11223344556,1985-06-28,...
408,"Mariana Santos",66778899001,1996-10-06,...
409,"João Vitor",23456789012,1988-01-15,...
410,"Isabela Souza",87654321098,1994-04-22,...
411,"Maria Eduarda",10987654321,2000-11-02,...
412,"Lucas Pereira",45678901234,1997-08-09,...
413,"Helena Silva",78901234567,1989-03-08,...
414,"Arthur Gomes",32109876543,1999-06-24,...
415,"Lorena Ribeiro",90123456789,1985-09-17,...
416,"Heitor Almeida",54321098765,1996-11-01,...
417,"Heloísa Fernandes",67890123456,1988-05-29,...
418,"Rafael Dias",21098765432,1994-01-09,...
419,"Lara Lima",89012345678,2000-07-10,...
420,"Thiago Batista",65973281490,1970-05-06,...
421,"Ursula Ferreira",73824065192,1980-04-18,...
422,"Vinícius Duarte",18402739563,1978-02-14,...
423,"Wellington Prado",35967284130,1969-07-09,...
424,"Xuxa Menezes",49068273154,1975-01-29,...
425,"Yago Santos",57193082647,1982-06-13,...
426,"Helena Borges",81236450791,1979-07-08,...
427,"Ivan Souza",30591820437,1973-11-13,...
428,"Joana Carvalho",14720938564,1981-02-26,...
429,"Kleber Dias",62017498305,1976-06-04,...
430,"Larissa Almeida",28930471658,1968-09-21,...
431,"Leandro Borges",41028597361,1977-06-15,...
432,"Marta Oliveira",18563097452,1983-10-28,...
433,"Nilson Ribeiro",30856279416,1972-12-19,...
434,"Odete Freire",19472830567,1967-03-04,...
435,"Pedro Cunha",64021839047,1970-01-30,...
436,"Fernando Costa",47168068717,1978-11-08,...
437,"Mariana Rocha",96502984867,1980-03-22,...
438,"Amanda Barbosa",37007448678,1971-09-03,...
439,"Lucas Rezende",45525613409,1976-10-22,...
440,"André Ferreira",21779479250,1977-05-26,...
441,"Tatiane Lima",72326718938,1979-04-07,...
442,"Fernando Barbosa",29062855320,1983-10-02,...
443,"Mariana Santana",88864216905,1981-07-12,...
444,"Amanda Ramos",34779068707,1982-06-03,...
445,"Beatriz Oliveira",37830380378,1974-01-23,...
446,"Rodrigo Moreira",78591533280,1970-08-16,...
447,"André Souza",77349740138,1975-03-03,...
448,"Larissa Barbosa",57494849610,1984-11-28,...
449,"Lucas Carvalho",90424984588,1973-06-15,...
450,"Marcelo Ferreira",90515675439,1972-10-05,...
451,"Bruno Rocha",06690404458,1970-04-30,...
452,"Rodrigo Costa",29890143505,1976-05-25,...
453,"Tatiane Silva",97942413488,1980-08-08,...
454,"André Gomes",92616006280,1982-12-27,...
455,"Fernando Moreira",84700204124,1984-03-06,...
456,"Pedro Silva",12345678901,1966-01-01,...
457,"Isabela Fernandes",98765432109,1970-11-20,...
458,"Gustavo Costa",11223344556,1972-08-05,...
459,"Larissa Oliveira",66778899001,1974-02-18,...
460,"Daniel Santos",23456789012,1967-09-03,...
461,"Carla Martins",87654321098,1971-04-25,...
462,"Renato Almeida",10987654321,1973-12-01,...
463,"Amanda Pereira",45678901234,1969-06-08,...
464,"Diego Rocha",78901234567,1976-10-10,...
465,"Mariana Dias",32109876543,1968-03-29,...
466,"Paulo Lima",90123456789,1980-01-07,...
467,"Viviane Costa",54321098765,1977-07-16,...
468,"Rodrigo Oliveira",67890123456,1965-01-24,...
469,"Suelen Alves",21098765432,1979-11-05,...
470,"José Fernandes",89012345678,1971-04-13,...
471,"Flávia Souza",43210987654,1973-09-02,...
472,"Carlos Pereira",01234567890,1967-02-28,...
473,"Denise Lima",76543210987,1974-06-19,...
474,"Edson Santos",34567890123,1980-04-01,...
475,"Gisele Ribeiro",98765432109,1977-09-11,...
476,"Ricardo Andrade",11223344556,1969-02-06,...
477,"Simone Maria",66778899001,1979-07-20,...
478,"Antônio Rocha",23456789012,1965-10-15,...
479,"Regina Dias",87654321098,1974-05-09,...
480,"Mário Farias",10987654321,1967-11-22,...
481,"Silvana Luz",45678901234,1970-08-07,...
482,"Marcos Nogueira",78901234567,1980-03-03,...
483,"Márcia Duarte",32109876543,1977-01-26,...
484,"Fernando Brito",90123456789,1969-06-16,...
485,"Beatriz Campos",54321098765,1979-09-08,...
486,"Carlos Lima",67890123456,1965-11-04,...
487,"Luiza Martins",21098765432,1974-04-11,...
488,"Marcelo Rocha",89012345678,1977-07-01,...
489,"Viviane Almeida",43210987654,1968-02-14,...
490,"Diego Fernandes",01234567890,1980-08-17,...
491,"Carolina Gomes",76543210987,1977-03-21,...
492,"Alexandre Mendes",34567890123,1969-09-05,...
493,"Cláudia Costa",98765432109,1979-05-13,...
494,"Gustavo Oliveira",11223344556,1965-06-28,...
495,"Mariana Santos",66778899001,1976-10-06,...
496,"João Vitor",23456789012,1968-01-15,...
497,"Isabela Souza",87654321098,1974-04-22,...
498,"Maria Eduarda",10987654321,1980-11-02,...
499,"Lucas Pereira",45678901234,1977-08-09,...
500,"Helena Silva",78901234567,1969-03-08,...
501,"Arthur Gomes",32109876543,1979-06-24,...
502,"Lorena Ribeiro",90123456789,1965-09-17,...
503,"Heitor Almeida",54321098765,1976-11-01,...
504,"Heloísa Fernandes",67890123456,1968-05-29,...
505,"Rafael Dias",21098765432,1974-01-09,...
506,"Lara Lima",89012345678,1980-07-10,...
507,"Bernardo Carvalho",43210987654,1977-02-03,...
508,"Emanuelly Costa",01234567890,1969-08-20,...
509,"Vicente Nogueira",76543210987,1979-04-04,...
510,"Eloá Santos",34567890123,1965-10-23,...
511,"Marina Rocha",98765432109,1976-03-01,...
512,"Cauã Lima",11223344556,1978-09-12,...
513,"Luísa Oliveira",66778899001,1974-07-07,...
514,"Enzo Gabriel",23456789012,1980-02-18,...
515,"Pietro Almeida",87654321098,1977-05-25,...
516,"Maria Clara",10987654321,1975-11-16,...
517,"João Lucas",45678901234,1979-08-01,...
518,"Maria Júlia",78901234567,1965-05-19,...
519,"Sophia Costa",32109876543,1976-09-26,...
520,"Davi Lucca",90123456789,1978-04-14,...
521,"Valentina Dias",54321098765,1974-12-05,...
522,"Miguel Ângelo",67890123456,1980-06-09,...
523,"Ana Luíza",21098765432,1977-01-02,...
524,"Arthur Gabriel",89012345678,1975-07-28,...
525,"Heitor Samuel",43210987654,1979-03-10,...
526,"Lívia Gabriele",01234567890,1965-08-27,...
527,"Isadora Sofia",76543210987,1976-10-13,...
528,"Leonardo Henrique",34567890123,1978-02-09,...
529,"Laura Beatriz",98765432109,1974-05-04,...
530,"Gabriel Lucas",11223344556,1980-01-21,...
531,"Maria Fernanda",66778899001,1977-04-01,...
532,"Benício Miguel",23456789012,1975-10-29,...
533,"Valentina Isabella",87654321098,1979-07-06,...
534,"Gael Nathan",10987654321,1965-11-23,...
535,"Clara Liz",45678901234,1976-01-18,...
536,"Davi Emanuel",78901234567,1978-08-04,...
537,"Cecília Eloá",32109876543,1974-03-02,...
538,"Cauã Filipe",90123456789,1980-05-15,...
539,"Sophia Vitória",54321098765,1977-06-22,...
540,"Antônio Augusto",67890123456,1975-12-10,...
541,"Lívia Maria",21098765432,1979-09-29,...
542,"Pedro Gabriel",89012345678,1965-07-03,...
543,"Laura Helena",43210987654,1976-02-20,...
544,"Davi Henrique",01234567890,1978-10-26,...
545,"Beatriz Clara",76543210987,1974-09-15,...
546,"Enzo Rafael",34567890123,1980-04-08,...
547,"Alice Vitória",98765432109,1977-03-07,...
548,"Gustavo Miguel",11223344556,1975-04-03,...
549,"Mariana Sophia",66778899001,1979-01-10,...
550,"João Gabriel",23456789012,1965-05-23,...
551,"Isabela Luíza",87654321098,1976-08-12,...
552,"Maria Vitória",10987654321,1978-11-01,...
553,"Lucas Rafael",45678901234,1974-06-25,...
554,"Helena Laura",78901234567,1980-09-19,...
555,"Arthur Daniel",32109876543,1977-02-08,...
556,"Lorena Isabela",90123456789,1975-05-17,...
557,"Heitor José",54321098765,1979-02-23,...
558,"Heloísa Sofia",67890123456,1965-12-09,...
559,"Rafael Eduardo",21098765432,1976-07-02,...
560,"Zuleica Moreira",61289374052,1955-10-10,...
561,"Arthur Monteiro",98012647358,1948-03-31,...
562,"Beatriz Campos",27369041587,1959-08-26,...
563,"Caio Barreto",74168052901,1952-12-21,...
564,"Marcos Silva",93847261035,1950-02-09,...
565,"Nair Fontes",74319682041,1945-08-17,...
566,"Orlando Costa",60412837591,1962-01-29,...
567,"Palmira Rocha",31720864953,1958-06-12,...
568,"Querino Barbosa",84502719643,1949-04-05,...
569,"Quitéria Santos",31984720560,1961-11-06,...
570,"Raimundo Alves",94810273650,1953-05-18,...
571,"Sebastião Costa",76423918509,1947-09-25,...
572,"Tereza Matos",48120396715,1956-02-14,...
573,"Ursulina Prado",62498173059,1949-12-03,...
574,"João Silva",12345678901,1960-01-01,...
575,"Maria Oliveira",98765432109,1955-11-20,...
576,"José Santos",11223344556,1947-08-05,...
577,"Antônia Pereira",66778899001,1961-02-18,...
578,"Francisco Lima",23456789012,1958-09-03,...
579,"Aparecida Gomes",87654321098,1952-04-25,...
580,"Pedro Souza",10987654321,1946-12-01,...
581,"Ana Paula",45678901234,1959-06-08,...
582,"Paulo Rocha",78901234567,1951-10-10,...
583,"Marta Dias",32109876543,1945-03-29,...
584,"Carlos Nunes",90123456789,1963-01-07,...
585,"Fátima Costa",54321098765,1957-07-16,...
586,"Geraldo Oliveira",67890123456,1954-01-24,...
587,"Rosa Alves",21098765432,1960-11-05,...
588,"Fernando Fernandes",89012345678,1946-04-13,...
589,"Francisca Souza",43210987654,1959-09-02,...
590,"Miguel Pereira",01234567890,1953-02-28,...
591,"Lúcia Lima",76543210987,1947-06-19,...
592,"Antônio Santos",34567890123,1963-04-01,...
593,"Helena Ribeiro",98765432109,1957-09-11,...
594,"Márcio Andrade",11223344556,1955-02-06,...
595,"Vera Lúcia",66778899001,1961-07-20,...
596,"Ricardo Rocha",23456789012,1947-10-15,...
597,"Dulce Dias",87654321098,1959-05-09,...
598,"Rui Farias",10987654321,1957-11-22,...
599,"Terezinha Luz",45678901234,1950-08-07,...
600,"Luís Nogueira",78901234567,1963-03-03,...
601,"Elisabete Duarte",32109876543,1957-01-26,...
602,"José Brito",90123456789,1959-06-16,...
603,"Madalena Campos",54321098765,1961-09-08,...
604,"Sebastião Lima",67890123456,1947-11-04,...
605,"Regina Martins",21098765432,1959-04-11,...
606,"Ademir Rocha",89012345678,1957-07-01,...
607,"Lourdes Almeida",43210987654,1950-02-14,...
608,"Valdemar Fernandes",01234567890,1963-08-17,...
609,"Neuza Gomes",76543210987,1957-03-21,...
610,"Célio Mendes",34567890123,1955-09-05,...
611,"Márcia Costa",98765432109,1961-05-13,...
612,"Geraldo Oliveira",11223344556,1947-06-28,...
613,"Neusa Santos",66778899001,1959-10-06,...
614,"Ronaldo Vitor",23456789012,1958-01-15,...
615,"Marilda Souza",87654321098,1954-04-22,...
616,"Osmar Eduarda",10987654321,1960-11-02,...
617,"Sebastiana Pereira",45678901234,1957-08-09,...
618,"Adilson Silva",78901234567,1959-03-08,...
619,"Dirce Gomes",32109876543,1961-06-24,...
620,"José Ribeiro",90123456789,1947-09-17,...
621,"Reginaldo Almeida",54321098765,1959-11-01,...
622,"Maria Helena",67890123456,1958-05-29,...
623,"Antônio Dias",21098765432,1954-01-09,...
624,"Lídia Lima",89012345678,1960-07-10,...
625,"Joaquim Carvalho",43210987654,1957-02-03,...
626,"Olga Costa",01234567890,1959-08-20,...
627,"Valdir Nogueira",76543210987,1961-04-04,...
628,"Lúcia Santos",34567890123,1947-10-23,...
629,"Manoel Rocha",98765432109,1959-03-01,...
630,"Eunice Lima",11223344556,1958-09-12,...
631,"Armando Oliveira",66778899001,1954-07-07,...
632,"Clarice Gabriel",23456789012,1960-02-18,...
633,"Rui Almeida",87654321098,1957-05-25,...
634,"Isabel Maria",10987654321,1955-11-16,...
635,"Sebastião Lucas",45678901234,1961-08-01,...
636,"Celina Júlia",78901234567,1947-05-19,...
637,"Cláudio Costa",32109876543,1959-09-26,...
638,"Dalva Lucca",90123456789,1958-04-14,...
639,"Edna Dias",54321098765,1954-12-05,...
640,"Hélio Ângelo",67890123456,1960-06-09,...
641,"Irene Luíza",21098765432,1957-01-02,...
642,"Jair Gabriel",89012345678,1955-07-28,...
643,"Leda Samuel",43210987654,1961-03-10,...
644,"Nelson Gabriele",01234567890,1947-08-27,...
645,"Odete Sofia",76543210987,1959-10-13,...
646,"Pedro Henrique",34567890123,1958-02-09,...
647,"Quitéria Beatriz",98765432109,1954-05-04,...
648,"Roberto Lucas",11223344556,1960-01-21,...
649,"Sandra Fernanda",66778899001,1957-04-01,...
650,"Terezinha Miguel",23456789012,1955-10-29,...
651,"Ubirajara Isabella",87654321098,1961-07-06,...
652,"Valéria Nathan",10987654321,1947-11-23,...
653,"Waldir Liz",45678901234,1959-01-18,...
654,"Xavier Emanuel",78901234567,1958-08-04,...
655,"Yara Eloá",32109876543,1954-03-02,...
656,"Zélia Filipe",90123456789,1960-05-15,...
657,"Abel Vitória",54321098765,1957-06-22,...
658,"Bento Augusto",67890123456,1955-12-10,...
659,"Celeste Maria",21098765432,1961-09-29,...
660,"Djalma Gabriel",89012345678,1947-07-03,...
661,"Edna Helena",43210987654,1959-02-20,...
662,"Félix Henrique",01234567890,1958-10-26,...
663,"Glória Clara",76543210987,1954-09-15,...
664,"Hamilton Rafael",34567890123,1960-04-08,...
665,"Iolanda Vitória",98765432109,1957-03-07,...
666,"Jaime Miguel",11223344556,1955-04-03,...
667,"Ketty Sophia",66778899001,1961-01-10,...
668,"Léo Gabriel",23456789012,1947-05-23,...
669,"Márcia Luíza",87654321098,1956-08-12,...
670,"Nanci Vitória",10987654321,1958-11-01,...
671,"Oscar Rafael",45678901234,1954-06-25,...
672,"Preta Laura",78901234567,1960-09-19,...
673,"Queiroz Daniel",32109876543,1957-02-08,...
674,"Ronaldo Isabela",90123456789,1955-05-17,...
675,"Sueli José",54321098765,1961-02-23,...
676,"Telmo Sofia",67890123456,1947-12-09,...
677,"Úrsula Eduardo",21098765432,1956-07-02,...
678,"Vicente Nogueira",76543210987,1960-04-04,...
679,"Eloá Santos",34567890123,1960-10-23,...
680,"Marina Rocha",98765432109,1960-03-01,...
681,"Cauã Lima",11223344556,1960-09-12,...
682,"Luísa Oliveira",66778899001,1960-07-07,...
683,"Enzo Gabriel",23456789012,1960-02-18,...
684,"Pietro Almeida",87654321098,1960-05-25,...
685,"Maria Clara",10987654321,1960-11-16,...
686,"João Lucas",45678901234,1960-08-01,...
687,"Maria Júlia",78901234567,1960-05-19,...
688,"Sophia Costa",32109876543,1960-09-26,...
689,"Davi Lucca",90123456789,1960-04-14,...
690,"Valentina Dias",54321098765,1960-12-05,...
691,"Miguel Ângelo",67890123456,1960-06-09,...
692,"Ana Luíza",21098765432,1960-01-02,...
693,"Arthur Gabriel",89012345678,1960-07-28,...
694,"Heitor Samuel",43210987654,1960-03-10,...
695,"Lívia Gabriele",01234567890,1960-08-27,...
696,"Isadora Sofia",76543210987,1960-10-13,...
697,"Leonardo Henrique",34567890123,1960-02-09,...
698,"Laura Beatriz",98765432109,1960-05-04,...
699,"Gabriel Lucas",11223344556,1960-01-21,...
700,"Vicente Vitória",89012345678,1960-06-11,...
